<?xml version="1.0" encoding="UTF-8"?>
<project-private xmlns="http://www.netbeans.org/ns/project-private/1">
    <editor-bookmarks xmlns="http://www.netbeans.org/ns/editor-bookmarks/2" lastBookmarkId="0"/>
    <open-files xmlns="http://www.netbeans.org/ns/projectui-open-files/2">
        <group>
            <file>file:/D:/Dropbox/Ucentral/Avanzada/Avanzada-Chifu/avanzada/Proyecto2Corte/src/Controllers/ClienteCtrl.java</file>
            <file>file:/D:/Dropbox/Ucentral/Avanzada/Avanzada-Chifu/avanzada/Proyecto2Corte/src/DB/UsuarioDB.java</file>
            <file>file:/D:/Dropbox/Ucentral/Avanzada/Avanzada-Chifu/avanzada/Proyecto2Corte/src/DB/EntrenadorDB.java</file>
            <file>file:/D:/Dropbox/Ucentral/Avanzada/Avanzada-Chifu/avanzada/Proyecto2Corte/src/Negocio/Rutina.java</file>
            <file>file:/D:/Dropbox/Ucentral/Avanzada/Avanzada-Chifu/avanzada/Proyecto2Corte/src/DB/ClienteDB.java</file>
            <file>file:/D:/Dropbox/Ucentral/Avanzada/Avanzada-Chifu/avanzada/Proyecto2Corte/src/Controllers/RutinaCtrl.java</file>
            <file>file:/D:/Dropbox/Ucentral/Avanzada/Avanzada-Chifu/avanzada/Proyecto2Corte/src/Controllers/EntrenadorCtrl.java</file>
            <file>file:/D:/Dropbox/Ucentral/Avanzada/Avanzada-Chifu/avanzada/Proyecto2Corte/src/Views/Principal.java</file>
            <file>file:/D:/Dropbox/Ucentral/Avanzada/Avanzada-Chifu/avanzada/Proyecto2Corte/src/DB/RutinaDiaDB.java</file>
            <file>file:/D:/Dropbox/Ucentral/Avanzada/Avanzada-Chifu/avanzada/Proyecto2Corte/src/Services/Ejercicios.java</file>
            <file>file:/D:/Dropbox/Ucentral/Avanzada/Avanzada-Chifu/avanzada/Proyecto2Corte/src/Controllers/UserCtrl.java</file>
            <file>file:/D:/Dropbox/Ucentral/Avanzada/Avanzada-Chifu/avanzada/Proyecto2Corte/src/Negocio/RutinaDia.java</file>
            <file>file:/D:/Dropbox/Ucentral/Avanzada/Avanzada-Chifu/avanzada/Proyecto2Corte/src/DB/RutinaDB.java</file>
        </group>
    </open-files>
</project-private>
